{
    "accuracy": 0.7752869856021845,
    "f1": 0.7751876683225709,
    "roc_auc": 0.8479126396002007,
    "confusion_matrix": [
        [
            120584,
            39389
        ],
        [
            32374,
            127007
        ]
    ]
}