{
    "accuracy": 0.7581555264690594,
    "f1": 0.7581531792222354,
    "roc_auc": 0.5284320528828543,
    "confusion_matrix": [
        [
            121727,
            38246
        ],
        [
            38988,
            120393
        ]
    ]
}