{
    "accuracy": 0.7751272882130802,
    "f1": 0.7749301646012057,
    "roc_auc": 0.8481568370677386,
    "confusion_matrix": [
        [
            119190,
            40783
        ],
        [
            31031,
            128350
        ]
    ]
}